<?xml version="1.0" encoding="UTF-8" standalone="yes"?>
<addon id="plugin.program.scarwizard" name="[COLOR orange][B]Scar[/B][/COLOR]Wizard" version="1.0" provider-name="Macaulay">
    <requires>
        <import addon="xbmc.python" version="2.1.0" />
        <import addon="script.module.requests" />
        <import addon="script.module.six" />
    </requires>
    
    <extension point="xbmc.python.pluginsource" library="default.py">
        <provides>executable</provides>
    </extension>
    
    <extension point="xbmc.service" library="startup.py" start="startup" />
    
    <extension point="xbmc.addon.metadata">
        <summary lang="en">[COLOR orange][B]Scar[/B][/COLOR]Wizard</summary>
        <description lang="en">[COLOR orange][B]Scar[/B][/COLOR]Wizard offers the Builds used to make your Kodi function as one of the necessities of life.</description>
        <platform>all</platform>
        <reuselanguageinvoker>false</reuselanguageinvoker>
        <source></source>
        <news>
        1.0.0
         - Initial Commit - Scar's Wizard and Build Commenced.
        </news>
        <assets>
            <icon>icon.png</icon>
            <fanart>fanart.png</fanart>
        </assets>
    </extension>
</addon>
