<?xml version="1.0" encoding="UTF-8" standalone="yes"?>
<addon id="repository.scar" name="Scar Repo" version="1.0" provider-name="Macaulay">
    <extension point="xbmc.addon.repository" name="Scar Repository">
        <dir>
            <info compressed="false">https://raw.githubusercontent.com/AxPhantom/ScarRepo/master/zips/addons.xml</info>
            <checksum>https://raw.githubusercontent.com/YOUR_USERNAME_HERE/REPOSITORY_NAME_HERE/BRANCH_NAME_HERE/zips/addons.xml.md5</checksum>
            <datadir zip="true">https://raw.githubusercontent.com/AxPhantom/ScarRepo/master/zips/</datadir>
        </dir>
    </extension>
    <extension point="xbmc.addon.metadata">
        <summary>ScarRepo</summary>
        <description>Home to Scar Wizard, The wizard that will change you view on the necessities of life</description>
        <disclaimer></disclaimer>
        <platform>all</platform>
        <assets>
            <icon>icon.png</icon>
            <fanart>fanart.jpg</fanart>
        </assets>
    </extension>
</addon>
